"DESCRIPTION","DURATION IN MS","NAME","PARENT SUITE","START TIME","STATUS","STOP TIME","SUB SUITE","SUITE","TEST CLASS","TEST METHOD"
"  As a developer
  I want to be sure
  That the Rest API is working as expected","548","Verify status code returned is expected","","Wed Jul 08 04:53:35 UTC 2026","passed","Wed Jul 08 04:53:35 UTC 2026","","Rest API functionality Scenarios","Verify status code returned is expected",""
"  As a developer
  I want to be sure
  That the Rest API is working as expected","30","Verify status code returned is expected","","Wed Jul 08 04:53:35 UTC 2026","passed","Wed Jul 08 04:53:35 UTC 2026","","Rest API functionality Scenarios","Verify status code returned is expected",""
"  As a developer
  I want to be sure
  That the Rest API is working as expected","17","Verify amount of returned items is expected","","Wed Jul 08 04:53:35 UTC 2026","passed","Wed Jul 08 04:53:35 UTC 2026","","Rest API functionality Scenarios","Verify amount of returned items is expected",""
